{
  "ids": {
    "Address": 2,
    "Alumni": 1,
    "Audio": 1,
    "Degree": 1,
    "DocumentPost": 1,
    "Document": 1,
    "MediaPost": 1,
    "Media": 1,
    "MessagePost": 1,
    "PhotoPost": 1,
    "Photo": 72,
    "PostConfig": 1,
    "Post": 1,
    "SchoolDetails": 2,
    "School": 2,
    "UserConfig": 1,
    "User": 36,
    "Video": 14,
    "Website": 1
  },
  "models": {
    "Address": {
      "1": "{\"street\":\"Kwadaso\",\"postcode\":\"00233\",\"city\":\"Kumasi\",\"state\":\"Ashanti\",\"country\":\"Ghana\",\"schoolId\":1,\"latLng\":\"232323,232323\",\"id\":1}"
    },
    "Alumni": {},
    "Audio": {},
    "Degree": {},
    "DocumentPost": {},
    "Document": {},
    "MediaPost": {},
    "Media": {},
    "MessagePost": {},
    "PhotoPost": {},
    "Photo": {
      "51": "{\"description\":\"\",\"fileName\":\"(8)564_49_53_18_1_9_2020.mkv\",\"fileUrl\":\"http://localhost:3000/media/download/(8)564_49_53_18_1_9_2020.mkv\",\"dateCreated\":\"2020-10-05T18:53:49.641Z\",\"type\":0,\"thumbnailUrl\":\"http://localhost:3000/media/download/thumb_(8)564_49_53_18_1_9_2020.jpg\",\"coverImage\":false,\"profile\":false,\"flag\":false,\"schoolId\":1,\"id\":51}",
      "52": "{\"description\":\"\",\"fileName\":\"(29)260_43_57_18_1_9_2020.jpg\",\"fileUrl\":\"http://localhost:3000/media/download/(29)260_43_57_18_1_9_2020.jpg\",\"dateCreated\":\"2020-10-05T18:57:43.591Z\",\"type\":0,\"thumbnailUrl\":\"http://localhost:3000/media/download/thumb_(29)260_43_57_18_1_9_2020.jpg\",\"coverImage\":false,\"profile\":false,\"flag\":false,\"schoolId\":1,\"id\":52}",
      "53": "{\"description\":\"\",\"fileName\":\"(30)265_43_57_18_1_9_2020.jpg\",\"fileUrl\":\"http://localhost:3000/media/download/(30)265_43_57_18_1_9_2020.jpg\",\"dateCreated\":\"2020-10-05T18:57:43.684Z\",\"type\":0,\"thumbnailUrl\":\"http://localhost:3000/media/download/thumb_(30)265_43_57_18_1_9_2020.jpg\",\"coverImage\":false,\"profile\":false,\"flag\":false,\"schoolId\":1,\"id\":53}",
      "54": "{\"description\":\"\",\"fileName\":\"(31)269_43_57_18_1_9_2020.jpg\",\"fileUrl\":\"http://localhost:3000/media/download/(31)269_43_57_18_1_9_2020.jpg\",\"dateCreated\":\"2020-10-05T18:57:43.706Z\",\"type\":0,\"thumbnailUrl\":\"http://localhost:3000/media/download/thumb_(31)269_43_57_18_1_9_2020.jpg\",\"coverImage\":false,\"profile\":false,\"flag\":false,\"schoolId\":1,\"id\":54}",
      "55": "{\"description\":\"\",\"fileName\":\"(32)274_43_57_18_1_9_2020.jpg\",\"fileUrl\":\"http://localhost:3000/media/download/(32)274_43_57_18_1_9_2020.jpg\",\"dateCreated\":\"2020-10-05T18:57:44.678Z\",\"type\":0,\"thumbnailUrl\":\"http://localhost:3000/media/download/thumb_(32)274_43_57_18_1_9_2020.jpg\",\"coverImage\":false,\"profile\":false,\"flag\":false,\"schoolId\":1,\"id\":55}",
      "56": "{\"description\":\"\",\"fileName\":\"(33)280_43_57_18_1_9_2020.jpg\",\"fileUrl\":\"http://localhost:3000/media/download/(33)280_43_57_18_1_9_2020.jpg\",\"dateCreated\":\"2020-10-05T18:57:44.746Z\",\"type\":0,\"thumbnailUrl\":\"http://localhost:3000/media/download/thumb_(33)280_43_57_18_1_9_2020.jpg\",\"coverImage\":false,\"profile\":false,\"flag\":false,\"schoolId\":1,\"id\":56}",
      "57": "{\"description\":\"\",\"fileName\":\"(36)293_43_57_18_1_9_2020.jpg\",\"fileUrl\":\"http://localhost:3000/media/download/(36)293_43_57_18_1_9_2020.jpg\",\"dateCreated\":\"2020-10-05T18:57:44.788Z\",\"type\":0,\"thumbnailUrl\":\"http://localhost:3000/media/download/thumb_(36)293_43_57_18_1_9_2020.jpg\",\"coverImage\":false,\"profile\":false,\"flag\":false,\"schoolId\":1,\"id\":57}",
      "58": "{\"description\":\"\",\"fileName\":\"(34)287_43_57_18_1_9_2020.jpg\",\"fileUrl\":\"http://localhost:3000/media/download/(34)287_43_57_18_1_9_2020.jpg\",\"dateCreated\":\"2020-10-05T18:57:45.501Z\",\"type\":0,\"thumbnailUrl\":\"http://localhost:3000/media/download/thumb_(34)287_43_57_18_1_9_2020.jpg\",\"coverImage\":false,\"profile\":false,\"flag\":false,\"schoolId\":1,\"id\":58}",
      "59": "{\"description\":\"\",\"fileName\":\"(38)327_43_57_18_1_9_2020.jpg\",\"fileUrl\":\"http://localhost:3000/media/download/(38)327_43_57_18_1_9_2020.jpg\",\"dateCreated\":\"2020-10-05T18:57:45.524Z\",\"type\":0,\"thumbnailUrl\":\"http://localhost:3000/media/download/thumb_(38)327_43_57_18_1_9_2020.jpg\",\"coverImage\":false,\"profile\":false,\"flag\":false,\"schoolId\":1,\"id\":59}",
      "60": "{\"description\":\"\",\"fileName\":\"(37)307_43_57_18_1_9_2020.jpg\",\"fileUrl\":\"http://localhost:3000/media/download/(37)307_43_57_18_1_9_2020.jpg\",\"dateCreated\":\"2020-10-05T18:57:46.069Z\",\"type\":0,\"thumbnailUrl\":\"http://localhost:3000/media/download/thumb_(37)307_43_57_18_1_9_2020.jpg\",\"coverImage\":false,\"profile\":false,\"flag\":false,\"schoolId\":1,\"id\":60}",
      "61": "{\"description\":\"\",\"fileName\":\"(38(321_43_57_18_1_9_2020.jpg\",\"fileUrl\":\"http://localhost:3000/media/download/(38(321_43_57_18_1_9_2020.jpg\",\"dateCreated\":\"2020-10-05T18:57:47.987Z\",\"type\":0,\"thumbnailUrl\":\"http://localhost:3000/media/download/thumb_(38(321_43_57_18_1_9_2020.jpg\",\"coverImage\":false,\"profile\":false,\"flag\":false,\"schoolId\":1,\"id\":61}",
      "62": "{\"description\":\"\",\"fileName\":\"(39)337_43_57_18_1_9_2020.jpg\",\"fileUrl\":\"http://localhost:3000/media/download/(39)337_43_57_18_1_9_2020.jpg\",\"dateCreated\":\"2020-10-05T18:57:48.400Z\",\"type\":0,\"thumbnailUrl\":\"http://localhost:3000/media/download/thumb_(39)337_43_57_18_1_9_2020.jpg\",\"coverImage\":false,\"profile\":false,\"flag\":false,\"schoolId\":1,\"id\":62}",
      "63": "{\"description\":\"\",\"fileName\":\"(43)361_43_57_18_1_9_2020.jpg\",\"fileUrl\":\"http://localhost:3000/media/download/(43)361_43_57_18_1_9_2020.jpg\",\"dateCreated\":\"2020-10-05T18:57:48.825Z\",\"type\":0,\"thumbnailUrl\":\"http://localhost:3000/media/download/thumb_(43)361_43_57_18_1_9_2020.jpg\",\"coverImage\":false,\"profile\":false,\"flag\":false,\"schoolId\":1,\"id\":63}",
      "64": "{\"description\":\"\",\"fileName\":\"(40)345_43_57_18_1_9_2020.jpg\",\"fileUrl\":\"http://localhost:3000/media/download/(40)345_43_57_18_1_9_2020.jpg\",\"dateCreated\":\"2020-10-05T18:57:51.224Z\",\"type\":0,\"thumbnailUrl\":\"http://localhost:3000/media/download/thumb_(40)345_43_57_18_1_9_2020.jpg\",\"coverImage\":false,\"profile\":false,\"flag\":false,\"schoolId\":1,\"id\":64}",
      "65": "{\"description\":\"\",\"fileName\":\"(42)354_43_57_18_1_9_2020.jpg\",\"fileUrl\":\"http://localhost:3000/media/download/(42)354_43_57_18_1_9_2020.jpg\",\"dateCreated\":\"2020-10-05T18:57:51.651Z\",\"type\":0,\"thumbnailUrl\":\"http://localhost:3000/media/download/thumb_(42)354_43_57_18_1_9_2020.jpg\",\"coverImage\":false,\"profile\":false,\"flag\":false,\"schoolId\":1,\"id\":65}",
      "66": "{\"description\":\"\",\"fileName\":\"(44)369_43_57_18_1_9_2020.jpg\",\"fileUrl\":\"http://localhost:3000/media/download/(44)369_43_57_18_1_9_2020.jpg\",\"dateCreated\":\"2020-10-05T18:57:51.693Z\",\"type\":0,\"thumbnailUrl\":\"http://localhost:3000/media/download/thumb_(44)369_43_57_18_1_9_2020.jpg\",\"coverImage\":false,\"profile\":false,\"flag\":false,\"schoolId\":1,\"id\":66}",
      "67": "{\"description\":\"\",\"fileName\":\"(45)375_43_57_18_1_9_2020.jpg\",\"fileUrl\":\"http://localhost:3000/media/download/(45)375_43_57_18_1_9_2020.jpg\",\"dateCreated\":\"2020-10-05T18:57:51.736Z\",\"type\":0,\"thumbnailUrl\":\"http://localhost:3000/media/download/thumb_(45)375_43_57_18_1_9_2020.jpg\",\"coverImage\":false,\"profile\":false,\"flag\":false,\"schoolId\":1,\"id\":67}",
      "68": "{\"description\":\"\",\"fileName\":\"(47)391_43_57_18_1_9_2020.jpg\",\"fileUrl\":\"http://localhost:3000/media/download/(47)391_43_57_18_1_9_2020.jpg\",\"dateCreated\":\"2020-10-05T18:57:52.906Z\",\"type\":0,\"thumbnailUrl\":\"http://localhost:3000/media/download/thumb_(47)391_43_57_18_1_9_2020.jpg\",\"coverImage\":false,\"profile\":false,\"flag\":false,\"schoolId\":1,\"id\":68}",
      "69": "{\"description\":\"\",\"fileName\":\"(46)379_43_57_18_1_9_2020.jpg\",\"fileUrl\":\"http://localhost:3000/media/download/(46)379_43_57_18_1_9_2020.jpg\",\"dateCreated\":\"2020-10-05T18:57:53.857Z\",\"type\":0,\"thumbnailUrl\":\"http://localhost:3000/media/download/thumb_(46)379_43_57_18_1_9_2020.jpg\",\"coverImage\":false,\"profile\":false,\"flag\":false,\"schoolId\":1,\"id\":69}",
      "70": "{\"description\":\"\",\"fileName\":\"IMG_E1265982_40_1_8_2_9_2020.JPG\",\"fileUrl\":\"http://localhost:3000/media/download/IMG_E1265982_40_1_8_2_9_2020.JPG\",\"dateCreated\":\"2020-10-06T08:01:41.214Z\",\"type\":0,\"thumbnailUrl\":\"http://localhost:3000/media/download/thumb_IMG_E1265982_40_1_8_2_9_2020.JPG\",\"coverImage\":false,\"profile\":false,\"flag\":false,\"schoolId\":1,\"id\":70}",
      "71": "{\"description\":\"\",\"fileName\":\"No problem(201178_20_3_8_2_9_2020.mkv\",\"fileUrl\":\"http://localhost:3000/media/download/No problem(201178_20_3_8_2_9_2020.mkv\",\"dateCreated\":\"2020-10-06T08:03:20.337Z\",\"type\":0,\"thumbnailUrl\":\"http://localhost:3000/media/download/thumb_No problem(201178_20_3_8_2_9_2020.mkv\",\"coverImage\":false,\"profile\":false,\"flag\":false,\"schoolId\":1,\"id\":71}"
    },
    "PostConfig": {},
    "Post": {},
    "SchoolDetails": {
      "1": "{\"schoolId\":1,\"id\":1}"
    },
    "School": {
      "1": "{\"name\":\"Kemu Senior High School\",\"dateStarted\":\"2020-10-08T00:00:00.000Z\",\"type\":\"Senior high school\",\"gender\":\"other\",\"id\":1}"
    },
    "UserConfig": {},
    "User": {
      "1": "{\"email\":\"ntiamoah376@yahoo.com\",\"phone\":\"0544686951\",\"password\":\"$2a$10$uGM28LWwN6k56hsbAOgDA.iHRWuyvOG12qkJD/0CdAC0YqPueyA/S\",\"firstName\":\"Alfred\",\"lastName\":\"Ntiamoah\",\"otherName\":\"Kwame\",\"gender\":\"m\",\"dateOfBirth\":\"2020-10-06T09:29:25.278Z\",\"nickName\":\"cypher\",\"emailVerified\":true,\"remember\":true,\"id\":1}",
      "2": "{\"email\":\"fslinn0@xinhuanet.com\",\"phone\":\"908-527-9043\",\"password\":\"$2a$10$DVqYLMm5GIMvKitldX91OuW1yXHHKKuRD0iCmG1HYIRbKfgOxMtwm\",\"firstName\":\"Faina\",\"lastName\":\"Slinn\",\"remember\":false,\"id\":2}",
      "3": "{\"email\":\"sshanklin1@tinypic.com\",\"phone\":\"921-865-1274\",\"password\":\"$2a$10$UZ0p7wVk4eXslorO0VRdp.ouCNEi/fFYuCt77M716oVsrYwJOXiFG\",\"firstName\":\"Sharline\",\"lastName\":\"Shanklin\",\"remember\":false,\"id\":3}",
      "4": "{\"email\":\"ezanitti2@cbslocal.com\",\"phone\":\"347-916-7208\",\"password\":\"$2a$10$Aa6v9FUwC1HX5mbyLpwnBusywNZjHhdnFFCuXdzWLvI8q/FmeN.6a\",\"firstName\":\"Eolande\",\"lastName\":\"Zanitti\",\"remember\":false,\"id\":4}",
      "5": "{\"email\":\"aedmans3@ezinearticles.com\",\"phone\":\"149-181-3999\",\"password\":\"$2a$10$7Dw7MnHXyBtIWpIgwuXkXegIi99OiHOZJKV688spWyVwMV.FyUyk6\",\"firstName\":\"Ardenia\",\"lastName\":\"Edmans\",\"remember\":false,\"id\":5}",
      "6": "{\"email\":\"bhamp4@live.com\",\"phone\":\"280-698-7099\",\"password\":\"$2a$10$e6hwaUJblEe.EDj.RgmIQu9b0GVzWPWN8ChUG7Ye9n7HnhYKIHonC\",\"firstName\":\"Brittne\",\"lastName\":\"Hamp\",\"remember\":false,\"id\":6}",
      "7": "{\"email\":\"lraincin5@cbc.ca\",\"phone\":\"131-862-0114\",\"password\":\"$2a$10$w8Ff6/YUesOCqAu4lrn6zu0DTKKIUkEUadC.UzTy.eAqBKYrTKYgS\",\"firstName\":\"Letizia\",\"lastName\":\"Raincin\",\"remember\":false,\"id\":7}",
      "8": "{\"email\":\"jkinnear6@toplist.cz\",\"phone\":\"377-962-1704\",\"password\":\"$2a$10$9zvR37ijje9Z2q5YIpuXLeAHUYDISHl7ln.TIteWn2Oit3VsO3gcy\",\"firstName\":\"Jenna\",\"lastName\":\"Kinnear\",\"remember\":false,\"id\":8}",
      "9": "{\"email\":\"mduffitt7@sina.com.cn\",\"phone\":\"539-122-3575\",\"password\":\"$2a$10$m.wBzCQH.Cvvk8OF8Wq2GOr3gfFnZ7AgPq9Yb9rT9dlKNmtFRJHY6\",\"firstName\":\"Mariette\",\"lastName\":\"Duffitt\",\"remember\":false,\"id\":9}",
      "10": "{\"email\":\"jkernell8@abc.net.au\",\"phone\":\"897-595-9763\",\"password\":\"$2a$10$/TPL19c3zB8BtNK19LbsBujHSpUZZdT8pbAxOfllObtDujFtUdDS6\",\"firstName\":\"Jenni\",\"lastName\":\"Kernell\",\"remember\":false,\"id\":10}",
      "11": "{\"email\":\"lsywell9@scientificamerican.com\",\"phone\":\"102-281-2709\",\"password\":\"$2a$10$euje0.OjZZfhk5gNVOW.POzX73udYCtlPno92ISQBjHsVP65g4rpe\",\"firstName\":\"Lucia\",\"lastName\":\"Sywell\",\"remember\":false,\"id\":11}",
      "12": "{\"email\":\"scammisha@skype.com\",\"phone\":\"774-365-6140\",\"password\":\"$2a$10$QC0FYzEGloNEJuE5T5HeOe974.EBD91NBPryC97hmbuMDYf8.l6hy\",\"firstName\":\"Stacy\",\"lastName\":\"Cammish\",\"remember\":false,\"id\":12}",
      "13": "{\"email\":\"acouplandb@skype.com\",\"phone\":\"323-293-8805\",\"password\":\"$2a$10$6XSmh95aAF8Pbyl/wCLsQ.wKsXI2ycREkxSn3ZvREdTTtlSgUlWHy\",\"firstName\":\"Astrid\",\"lastName\":\"Coupland\",\"remember\":false,\"id\":13}",
      "14": "{\"email\":\"fmacconnechiec@newyorker.com\",\"phone\":\"616-128-3159\",\"password\":\"$2a$10$W2uNXOFj5jJqQfL.bDZ6..W7dsxusDKccX0ErIR8gT.e.JtkovfuS\",\"firstName\":\"Florrie\",\"lastName\":\"MacConnechie\",\"remember\":false,\"id\":14}",
      "15": "{\"email\":\"clilled@xrea.com\",\"phone\":\"807-480-5695\",\"password\":\"$2a$10$Gdo4bR6bdjsq08WorGiFU.PcXJgi6Tp/7fmtV9tat92PVU/I6o2ta\",\"firstName\":\"Cherlyn\",\"lastName\":\"Lille\",\"remember\":false,\"id\":15}",
      "16": "{\"email\":\"mnestere@facebook.com\",\"phone\":\"551-709-4560\",\"password\":\"$2a$10$UeuQDNwS.WmHq6Dk4d1.1unCNW1znGFdHtC4bh5A2mUTYLr8oNprO\",\"firstName\":\"Marylynne\",\"lastName\":\"Nester\",\"remember\":false,\"id\":16}",
      "17": "{\"email\":\"bdederichf@microsoft.com\",\"phone\":\"102-942-0727\",\"password\":\"$2a$10$HYvw.jO4ExonKASo2jpp9eO1e0iYG2HvbBdm0VUIXiNYNsVIrmxJC\",\"firstName\":\"Benny\",\"lastName\":\"Dederich\",\"remember\":false,\"id\":17}",
      "18": "{\"email\":\"wlearmang@google.com.hk\",\"phone\":\"575-398-6318\",\"password\":\"$2a$10$2RVk01Z2FTDnm6.omeZ0Me3TeBYGTyxbMfwoIEKHna43UKvCTWlvu\",\"firstName\":\"Walliw\",\"lastName\":\"Learman\",\"remember\":false,\"id\":18}",
      "19": "{\"email\":\"clindstromh@theatlantic.com\",\"phone\":\"787-168-7960\",\"password\":\"$2a$10$tuVX1h3MfB/ulREwGRvhJOwTM6GqBoxteqaSUZ46lR3t9m1FVG.7K\",\"firstName\":\"Celestia\",\"lastName\":\"Lindstrom\",\"remember\":false,\"id\":19}",
      "20": "{\"email\":\"amoncrefei@abc.net.au\",\"phone\":\"468-793-8434\",\"password\":\"$2a$10$1uHgivuRSyd5twE8p/MtLux7Tvc03zXhaalxdrLtr7ma2mJWxrirC\",\"firstName\":\"Annabella\",\"lastName\":\"Moncrefe\",\"remember\":false,\"id\":20}",
      "21": "{\"email\":\"sbeakej@vk.com\",\"phone\":\"228-570-3463\",\"password\":\"$2a$10$rUl57wHMIdNFPr17LFUcBu1vpBEwfCJ5xAewoxL27DQ3.0Z18q0xK\",\"firstName\":\"Sophia\",\"lastName\":\"Beake\",\"remember\":false,\"id\":21}",
      "22": "{\"email\":\"pcasselk@jiathis.com\",\"phone\":\"957-850-5307\",\"password\":\"$2a$10$BwhdKAN77aVtjThjVhr.OuWkekhxSC2QW/OxOGrzHtgT63LTH/YBK\",\"firstName\":\"Piper\",\"lastName\":\"Cassel\",\"remember\":false,\"id\":22}",
      "23": "{\"email\":\"sbrunnsteinl@nsw.gov.au\",\"phone\":\"752-364-3089\",\"password\":\"$2a$10$dx48ea4Ay09pJ2axjWr8I.fHtSDoqU6B3N.Nym11IlF6JnPXL5OXO\",\"firstName\":\"Sandy\",\"lastName\":\"Brunnstein\",\"remember\":false,\"id\":23}",
      "24": "{\"email\":\"rbutterm@cafepress.com\",\"phone\":\"573-986-9222\",\"password\":\"$2a$10$./51FZQGXeJjk5jF1cwXlONR29euyKaoZFBMClgIUWfD0JRuPNZDG\",\"firstName\":\"Raychel\",\"lastName\":\"Butter\",\"remember\":false,\"id\":24}",
      "25": "{\"email\":\"cwoodyattn@sakura.ne.jp\",\"phone\":\"961-678-2449\",\"password\":\"$2a$10$jtc2R0oDCraZI3YJbTxRcOtwfnp793QhkYoeUTDbOsFottzap3vAi\",\"firstName\":\"Chrystal\",\"lastName\":\"Woodyatt\",\"remember\":false,\"id\":25}",
      "26": "{\"email\":\"bgierardio@whitehouse.gov\",\"phone\":\"985-886-0470\",\"password\":\"$2a$10$i4uN2vfcwfZxUqFuwZplWOyaGJPBwhcMXL7BrSgTBz3oLLC4ovDW6\",\"firstName\":\"Bonny\",\"lastName\":\"Gierardi\",\"remember\":false,\"id\":26}",
      "27": "{\"email\":\"memenyp@sciencedirect.com\",\"phone\":\"771-175-2907\",\"password\":\"$2a$10$hynKZJcm5QPIRzLo03pYzOc9V16HtuAufAtOjtLkRXyfZT7W9PcTe\",\"firstName\":\"Martie\",\"lastName\":\"Emeny\",\"remember\":false,\"id\":27}",
      "28": "{\"email\":\"menrdigoq@rakuten.co.jp\",\"phone\":\"125-569-7517\",\"password\":\"$2a$10$DKzOVV.2donyrybjZ/HxKeJXd.FFnoiAXAaAP6SaHQWMElvHXct/y\",\"firstName\":\"Meggi\",\"lastName\":\"Enrdigo\",\"remember\":false,\"id\":28}",
      "29": "{\"email\":\"stwitchettr@gov.uk\",\"phone\":\"956-413-9971\",\"password\":\"$2a$10$wrqBn/FsV5nmulCNb0cSpum6dRhcSy7ntbhUVw9TeZ7x1v0m.Jdxq\",\"firstName\":\"Shirline\",\"lastName\":\"Twitchett\",\"remember\":false,\"id\":29}",
      "30": "{\"email\":\"marnowitzs@cornell.edu\",\"phone\":\"640-867-9635\",\"password\":\"$2a$10$3GYZAqgzOrASpguHQydNUe1EQcgy7jjFhGDY7GZ79XC8iFAS0XY2m\",\"firstName\":\"Madella\",\"lastName\":\"Arnowitz\",\"remember\":false,\"id\":30}",
      "31": "{\"email\":\"lhodjettst@eepurl.com\",\"phone\":\"817-498-5672\",\"password\":\"$2a$10$q7/hH1k615kcRvL2G2gS3OB/tXoJGDPt/6PihlnI0C0EayYe/EKLK\",\"firstName\":\"Libbey\",\"lastName\":\"Hodjetts\",\"remember\":false,\"id\":31}",
      "32": "{\"email\":\"btremayleu@webeden.co.uk\",\"phone\":\"505-473-8845\",\"password\":\"$2a$10$CqzYvbrAaJjVBUugnezd5uy9mLQlqMIy6I790eYzlILWsy2..cqVO\",\"firstName\":\"Bryn\",\"lastName\":\"Tremayle\",\"remember\":false,\"id\":32}",
      "33": "{\"email\":\"drawlinsv@zdnet.com\",\"phone\":\"749-174-7273\",\"password\":\"$2a$10$3/cd0dRUEOgNXo.glmfJ3OGLk4JK9yfS4lBZoEFezEKRV0vlrfATG\",\"firstName\":\"Dena\",\"lastName\":\"Rawlins\",\"remember\":false,\"id\":33}",
      "34": "{\"email\":\"scaveyw@columbia.edu\",\"phone\":\"973-297-7239\",\"password\":\"$2a$10$Gev7V/PMv42bgTQu5e0w7e.tGJeYJWF8ujjNcLVzn.pzmWSxHQk4G\",\"firstName\":\"Stacia\",\"lastName\":\"Cavey\",\"remember\":false,\"id\":34}",
      "35": "{\"email\":\"aladenx@amazon.co.uk\",\"phone\":\"954-836-9772\",\"password\":\"$2a$10$zoxe9dtrEj.wYeNfZ9zNbO8G4htcn0F0IPw.cx/oV3gEbMQhuT.oG\",\"firstName\":\"Arda\",\"lastName\":\"Laden\",\"remember\":false,\"id\":35}"
    },
    "Video": {
      "1": "{\"description\":\"\",\"fileName\":\"KiDi - Say Cheese (Official Home Video) - YouTube504_3_55_8_2_9_2020.mkv\",\"fileUrl\":\"http://localhost:3000/public/files/KiDi - Say Cheese (Official Home Video) - YouTube504_3_55_8_2_9_2020.mkv\",\"dateCreated\":\"2020-10-06T08:55:04.004Z\",\"type\":0,\"schoolId\":1,\"thumbnailUrl\":\"http://localhost:3000/public/files/thumb_KiDi - Say Cheese (Official Home Video) - YouTube504_3_55_8_2_9_2020.mkv\",\"posterUrl\":\"http://localhost:3000/public/files/poster_KiDi - Say Cheese (Official Home Video) - YouTube504_3_55_8_2_9_2020.mkv\",\"id\":1}",
      "2": "{\"description\":\"\",\"fileName\":\"KiDi - Say Cheese (Official Home Video) - YouTube383_37_58_8_2_9_2020.mkv\",\"fileUrl\":\"http://localhost:3000/media/download/KiDi - Say Cheese (Official Home Video) - YouTube383_37_58_8_2_9_2020.mkv\",\"dateCreated\":\"2020-10-06T08:58:37.758Z\",\"type\":0,\"schoolId\":1,\"thumbnailUrl\":\"http://localhost:3000/media/download/thumb_KiDi - Say Cheese (Official Home Video) - YouTube383_37_58_8_2_9_2020.mkv\",\"posterUrl\":\"http://localhost:3000/media/download/poster_KiDi - Say Cheese (Official Home Video) - YouTube383_37_58_8_2_9_2020.mkv\",\"id\":2}",
      "3": "{\"description\":\"\",\"fileName\":\"CGI Animated Short Film- -Crunch- by Gof Animation - CGMeetup - YouTube376_37_58_8_2_9_2020.mkv\",\"fileUrl\":\"http://localhost:3000/media/download/CGI Animated Short Film- -Crunch- by Gof Animation - CGMeetup - YouTube376_37_58_8_2_9_2020.mkv\",\"dateCreated\":\"2020-10-06T08:58:38.095Z\",\"type\":0,\"schoolId\":1,\"thumbnailUrl\":\"http://localhost:3000/media/download/thumb_CGI Animated Short Film- -Crunch- by Gof Animation - CGMeetup - YouTube376_37_58_8_2_9_2020.mkv\",\"posterUrl\":\"http://localhost:3000/media/download/poster_CGI Animated Short Film- -Crunch- by Gof Animation - CGMeetup - YouTube376_37_58_8_2_9_2020.mkv\",\"id\":3}",
      "4": "{\"description\":\"\",\"fileName\":\"Akwaboah - Posti Me (Visualizer) - YouTube380_37_58_8_2_9_2020.mkv\",\"fileUrl\":\"http://localhost:3000/media/download/Akwaboah - Posti Me (Visualizer) - YouTube380_37_58_8_2_9_2020.mkv\",\"dateCreated\":\"2020-10-06T08:58:38.354Z\",\"type\":0,\"schoolId\":1,\"thumbnailUrl\":\"http://localhost:3000/media/download/thumb_Akwaboah - Posti Me (Visualizer) - YouTube380_37_58_8_2_9_2020.mkv\",\"posterUrl\":\"http://localhost:3000/media/download/poster_Akwaboah - Posti Me (Visualizer) - YouTube380_37_58_8_2_9_2020.mkv\",\"id\":4}",
      "5": "{\"description\":\"\",\"fileName\":\"Akwaboah - One Day (Visualizer) - YouTube381_37_58_8_2_9_2020.mkv\",\"fileUrl\":\"http://localhost:3000/media/download/Akwaboah - One Day (Visualizer) - YouTube381_37_58_8_2_9_2020.mkv\",\"dateCreated\":\"2020-10-06T08:58:38.568Z\",\"type\":0,\"schoolId\":1,\"thumbnailUrl\":\"http://localhost:3000/media/download/thumb_Akwaboah - One Day (Visualizer) - YouTube381_37_58_8_2_9_2020.mkv\",\"posterUrl\":\"http://localhost:3000/media/download/poster_Akwaboah - One Day (Visualizer) - YouTube381_37_58_8_2_9_2020.mkv\",\"id\":5}",
      "6": "{\"description\":\"\",\"fileName\":\"Sarkodie - Anadwo ft325_48_15_9_2_9_2020.mkv\",\"fileUrl\":\"http://localhost:3000/media/download/Sarkodie - Anadwo ft325_48_15_9_2_9_2020.mkv\",\"dateCreated\":\"2020-10-06T09:15:50.833Z\",\"type\":0,\"schoolId\":1,\"mimeType\":\"video/x-matroska\",\"thumbnailUrl\":\"http://localhost:3000/media/download/thumb_Sarkodie - Anadwo ft325_48_15_9_2_9_2020.mkv\",\"posterUrl\":\"http://localhost:3000/media/download/poster_Sarkodie - Anadwo ft325_48_15_9_2_9_2020.mkv\",\"id\":6}",
      "7": "{\"description\":\"\",\"fileName\":\"Gyakie - Sor Mi Mu (Feat346_48_15_9_2_9_2020.mkv\",\"fileUrl\":\"http://localhost:3000/media/download/Gyakie - Sor Mi Mu (Feat346_48_15_9_2_9_2020.mkv\",\"dateCreated\":\"2020-10-06T09:15:50.893Z\",\"type\":0,\"schoolId\":1,\"mimeType\":\"video/x-matroska\",\"thumbnailUrl\":\"http://localhost:3000/media/download/thumb_Gyakie - Sor Mi Mu (Feat346_48_15_9_2_9_2020.mkv\",\"posterUrl\":\"http://localhost:3000/media/download/poster_Gyakie - Sor Mi Mu (Feat346_48_15_9_2_9_2020.mkv\",\"id\":7}",
      "8": "{\"description\":\"\",\"fileName\":\"Kofi Kinaata - Things Fall Apart (Official Video) - YouTube348_48_15_9_2_9_2020.mkv\",\"fileUrl\":\"http://localhost:3000/media/download/Kofi Kinaata - Things Fall Apart (Official Video) - YouTube348_48_15_9_2_9_2020.mkv\",\"dateCreated\":\"2020-10-06T09:15:51.571Z\",\"type\":0,\"schoolId\":1,\"mimeType\":\"video/x-matroska\",\"thumbnailUrl\":\"http://localhost:3000/media/download/thumb_Kofi Kinaata - Things Fall Apart (Official Video) - YouTube348_48_15_9_2_9_2020.mkv\",\"posterUrl\":\"http://localhost:3000/media/download/poster_Kofi Kinaata - Things Fall Apart (Official Video) - YouTube348_48_15_9_2_9_2020.mkv\",\"id\":8}",
      "9": "{\"description\":\"\",\"fileName\":\"Adina feat350_48_15_9_2_9_2020.mkv\",\"fileUrl\":\"http://localhost:3000/media/download/Adina feat350_48_15_9_2_9_2020.mkv\",\"dateCreated\":\"2020-10-06T09:15:51.710Z\",\"type\":0,\"schoolId\":1,\"mimeType\":\"video/x-matroska\",\"thumbnailUrl\":\"http://localhost:3000/media/download/thumb_Adina feat350_48_15_9_2_9_2020.mkv\",\"posterUrl\":\"http://localhost:3000/media/download/poster_Adina feat350_48_15_9_2_9_2020.mkv\",\"id\":9}",
      "10": "{\"description\":\"\",\"fileName\":\"Kuami Eugene - Open Gate (Official Video) - YouTube352_48_15_9_2_9_2020.mkv\",\"fileUrl\":\"http://localhost:3000/media/download/Kuami Eugene - Open Gate (Official Video) - YouTube352_48_15_9_2_9_2020.mkv\",\"dateCreated\":\"2020-10-06T09:15:52.224Z\",\"type\":0,\"schoolId\":1,\"mimeType\":\"video/x-matroska\",\"thumbnailUrl\":\"http://localhost:3000/media/download/thumb_Kuami Eugene - Open Gate (Official Video) - YouTube352_48_15_9_2_9_2020.mkv\",\"posterUrl\":\"http://localhost:3000/media/download/poster_Kuami Eugene - Open Gate (Official Video) - YouTube352_48_15_9_2_9_2020.mkv\",\"id\":10}",
      "11": "{\"description\":\"\",\"fileName\":\"AVRAHAM @ ANGEL TV354_48_15_9_2_9_2020.mkv\",\"fileUrl\":\"http://localhost:3000/media/download/AVRAHAM @ ANGEL TV354_48_15_9_2_9_2020.mkv\",\"dateCreated\":\"2020-10-06T09:15:54.973Z\",\"type\":0,\"schoolId\":1,\"mimeType\":\"video/x-matroska\",\"thumbnailUrl\":\"http://localhost:3000/media/download/thumb_AVRAHAM @ ANGEL TV354_48_15_9_2_9_2020.mkv\",\"posterUrl\":\"http://localhost:3000/media/download/poster_AVRAHAM @ ANGEL TV354_48_15_9_2_9_2020.mkv\",\"id\":11}",
      "12": "{\"description\":\"\",\"fileName\":\"VID_20190107_003707404_5_21_9_2_9_2020.mp4\",\"fileUrl\":\"http://localhost:3000/media/download/VID_20190107_003707404_5_21_9_2_9_2020.mp4\",\"dateCreated\":\"2020-10-06T09:21:05.960Z\",\"type\":0,\"schoolId\":1,\"mimeType\":\"video/mp4\",\"thumbnailUrl\":\"http://localhost:3000/media/download/thumb_VID_20190107_003707404_5_21_9_2_9_2020.mp4\",\"posterUrl\":\"http://localhost:3000/media/download/poster_VID_20190107_003707404_5_21_9_2_9_2020.mp4\",\"id\":12}",
      "13": "{\"description\":\"\",\"fileName\":\"VID_20190107_003527415_14_44_10_2_9_2020.mp4\",\"fileUrl\":\"http://localhost:3000/media/download/VID_20190107_003527415_14_44_10_2_9_2020.mp4\",\"dateCreated\":\"2020-10-06T10:44:15.659Z\",\"type\":0,\"schoolId\":1,\"mimeType\":\"video/mp4\",\"thumbnailUrl\":\"http://localhost:3000/media/download/thumb_VID_20190107_003527415_14_44_10_2_9_2020.mp4\",\"posterUrl\":\"http://localhost:3000/media/download/poster_VID_20190107_003527415_14_44_10_2_9_2020.mp4\",\"id\":13}"
    },
    "Website": {}
  }
}