{
  "ids": {
    "User": 64,
    "Address": 9,
    "School": 30,
    "Photo": 2,
    "Document": 2,
    "SchoolDetails": 3,
    "UserConfig": 1,
    "Alumni": 6,
    "Degree": 9
  },
  "models": {
    "User": {
      "1": "{\"email\":\"ntiamoah376@yahoo.com\",\"password\":\"$2a$10$T5LGKM4dl.M3Bs6qjt32K.AlTozSbeyldC9xm01BNJz0a3w/z1ItS\",\"firstName\":\"Alfred\",\"lastName\":\"Ntiamoah\",\"remember\":true,\"id\":1}",
      "2": "{\"email\":\"ntiamoah376@yahoo.com\",\"password\":\"$2a$10$bWAgaebrTFxn360ItbXCuObOeSQ.S48mcVZKVnfYjQsLiLuPkljvy\",\"firstName\":\"Alfred\",\"lastName\":\"Ntiamoah\",\"remember\":true,\"id\":2}",
      "3": "{\"email\":\"ntiamoah@yahoo.com\",\"password\":\"$2a$10$AtNo0flNqJC6osUPyMQy0.qUPuc48fCY/bA34.mGvA.POKY5FLx46\",\"firstName\":\"Kwaku\",\"lastName\":\"Mensa\",\"remember\":false,\"id\":3}",
      "4": "{\"email\":\"pmacfall0@google.com.br\",\"phone\":\"371-514-9627\",\"password\":\"$2a$10$/Rb0AdZEv8oX1qgPkMcX1OLeGfH526ti2skb1eiquFW4/7KHLwAxm\",\"firstName\":\"Prue\",\"lastName\":\"MacFall\",\"remember\":false,\"id\":4}",
      "5": "{\"email\":\"bvergo1@storify.com\",\"phone\":\"219-178-5158\",\"password\":\"$2a$10$DK3IKxw2LBfYz8qAArcbNO53ZspfKxZaPcRKnG.EFlKAOc4xFfKs.\",\"firstName\":\"Briney\",\"lastName\":\"Vergo\",\"remember\":false,\"id\":5}",
      "6": "{\"email\":\"tgawkes2@netscape.com\",\"phone\":\"602-353-8285\",\"password\":\"$2a$10$B12Wf1mtkJKqnvDC9E5mR.37ivMfywSrEJp6Dx6eDA3dYDt9PITcq\",\"firstName\":\"Trixy\",\"lastName\":\"Gawkes\",\"remember\":false,\"id\":6}",
      "7": "{\"email\":\"ebloomer3@goo.ne.jp\",\"phone\":\"458-414-0514\",\"password\":\"$2a$10$LiIt.ZLm/iQ7kBqYf1hos.ktJaMaIobxjIbQYn05cH7kjNlngaypy\",\"firstName\":\"Eva\",\"lastName\":\"Bloomer\",\"remember\":false,\"id\":7}",
      "8": "{\"email\":\"fslinn0@xinhuanet.com\",\"phone\":\"908-527-9043\",\"password\":\"$2a$10$o8kf5Ylo7M6Vmc0e3WRy7uGtRFoQ1pmMa.SQfweEBInE/KBZpzXq6\",\"firstName\":\"Faina\",\"lastName\":\"Slinn\",\"remember\":false,\"id\":8}",
      "9": "{\"email\":\"sshanklin1@tinypic.com\",\"phone\":\"921-865-1274\",\"password\":\"$2a$10$aahCFX.mVTb9asqc0roFg..oIFJ0ZTdVIhIymWt3k3UbpJ.BlgCma\",\"firstName\":\"Sharline\",\"lastName\":\"Shanklin\",\"remember\":false,\"id\":9}",
      "10": "{\"email\":\"ezanitti2@cbslocal.com\",\"phone\":\"347-916-7208\",\"password\":\"$2a$10$Pwq8V7w8lD9fSivID1r3ReKnNIoceqYRMiXDE9WO8SxxaIMGHMuza\",\"firstName\":\"Eolande\",\"lastName\":\"Zanitti\",\"remember\":false,\"id\":10}",
      "11": "{\"email\":\"aedmans3@ezinearticles.com\",\"phone\":\"149-181-3999\",\"password\":\"$2a$10$8H4WTbXVbUoUbRwhAKRNp.ZHatlsP/FyWcYkBPSnZtZmbXOVkG6Za\",\"firstName\":\"Ardenia\",\"lastName\":\"Edmans\",\"remember\":false,\"id\":11}",
      "12": "{\"email\":\"bhamp4@live.com\",\"phone\":\"280-698-7099\",\"password\":\"$2a$10$x5mp2h.YIS9l7uoUSt6BYebwWwIITYjxFkHXm1y5fVNJwdrjIL.J2\",\"firstName\":\"Brittne\",\"lastName\":\"Hamp\",\"remember\":false,\"id\":12}",
      "13": "{\"email\":\"lraincin5@cbc.ca\",\"phone\":\"131-862-0114\",\"password\":\"$2a$10$k2nd/5zryIXul2faZanFP.qnyEdL4kVjtsD8POsd87t2DwVfO4nt.\",\"firstName\":\"Letizia\",\"lastName\":\"Raincin\",\"remember\":false,\"id\":13}",
      "14": "{\"email\":\"jkinnear6@toplist.cz\",\"phone\":\"377-962-1704\",\"password\":\"$2a$10$O6dA844QpppiJ084aRlAxew8OIsRIEGV4UMPq5QGgxsie11iIVX/C\",\"firstName\":\"Jenna\",\"lastName\":\"Kinnear\",\"remember\":false,\"id\":14}",
      "15": "{\"email\":\"mduffitt7@sina.com.cn\",\"phone\":\"539-122-3575\",\"password\":\"$2a$10$fXbm2JjAMtjoQJQf7FguDuV7tIopYqEEsQr27Nl0qd8PUrgdXiz5u\",\"firstName\":\"Mariette\",\"lastName\":\"Duffitt\",\"remember\":false,\"id\":15}",
      "16": "{\"email\":\"jkernell8@abc.net.au\",\"phone\":\"897-595-9763\",\"password\":\"$2a$10$kVt5c2MIuk2h3qzoghUuw.NpqCGLWbNqlqaao0r.68Z85fb8F5UAO\",\"firstName\":\"Jenni\",\"lastName\":\"Kernell\",\"remember\":false,\"id\":16}",
      "17": "{\"email\":\"lsywell9@scientificamerican.com\",\"phone\":\"102-281-2709\",\"password\":\"$2a$10$UCZjNNKwSZHH4uePVLpYUuw6/7zfQbtAHCJ4WyJkWGqh1NJCrJGAm\",\"firstName\":\"Lucia\",\"lastName\":\"Sywell\",\"remember\":false,\"id\":17}",
      "18": "{\"email\":\"scammisha@skype.com\",\"phone\":\"774-365-6140\",\"password\":\"$2a$10$dpp0zpbQ9gdWPt0gqug8r.pRIro6uDa1so4GIVBMTIvQ.GaPf2uEy\",\"firstName\":\"Stacy\",\"lastName\":\"Cammish\",\"remember\":false,\"id\":18}",
      "19": "{\"email\":\"acouplandb@skype.com\",\"phone\":\"323-293-8805\",\"password\":\"$2a$10$jW7pH3wmcviNj./h5e6MSu1v.WM.AcI.5aWnZHXKmAsUypRxvuBv.\",\"firstName\":\"Astrid\",\"lastName\":\"Coupland\",\"remember\":false,\"id\":19}",
      "20": "{\"email\":\"fmacconnechiec@newyorker.com\",\"phone\":\"616-128-3159\",\"password\":\"$2a$10$lcx1okCCHqs1e3VzaS9znuc./QSpobzd333RWjrTL6dIbreyYKUQi\",\"firstName\":\"Florrie\",\"lastName\":\"MacConnechie\",\"remember\":false,\"id\":20}",
      "21": "{\"email\":\"clilled@xrea.com\",\"phone\":\"807-480-5695\",\"password\":\"$2a$10$9oLaGmikVSp2bwbRN2MtOuRmBVhPZAihivNEsGmUPFB2wpj6YVPmi\",\"firstName\":\"Cherlyn\",\"lastName\":\"Lille\",\"remember\":false,\"id\":21}",
      "22": "{\"email\":\"mnestere@facebook.com\",\"phone\":\"551-709-4560\",\"password\":\"$2a$10$LV7b/9m8AtWgt5oJlWA7huHOHimLgCHgwCu1xl50rhifrAV5SSgFC\",\"firstName\":\"Marylynne\",\"lastName\":\"Nester\",\"remember\":false,\"id\":22}",
      "23": "{\"email\":\"bdederichf@microsoft.com\",\"phone\":\"102-942-0727\",\"password\":\"$2a$10$vQztVZ1fmKs..mUrIsFQjeeD6uUWXIYnnwH.lRmi8z37Poas8PGzq\",\"firstName\":\"Benny\",\"lastName\":\"Dederich\",\"remember\":false,\"id\":23}",
      "24": "{\"email\":\"wlearmang@google.com.hk\",\"phone\":\"575-398-6318\",\"password\":\"$2a$10$BX.X05/dGP0ylx07XN7L7ODNSdGW5GGEL16RuZW2sJ3nnWz/yrBwW\",\"firstName\":\"Walliw\",\"lastName\":\"Learman\",\"remember\":false,\"id\":24}",
      "25": "{\"email\":\"clindstromh@theatlantic.com\",\"phone\":\"787-168-7960\",\"password\":\"$2a$10$MLxZyEv9qSUOBvPVf3ip/uNyOoNk4WGyMKgM4OpVNlHgorJcCtEIy\",\"firstName\":\"Celestia\",\"lastName\":\"Lindstrom\",\"remember\":false,\"id\":25}",
      "26": "{\"email\":\"amoncrefei@abc.net.au\",\"phone\":\"468-793-8434\",\"password\":\"$2a$10$EM6N3d3Eiu93PQgY0oSGfOhYqJmwwcVuMkv9VvdaBdzksmjtz/sS2\",\"firstName\":\"Annabella\",\"lastName\":\"Moncrefe\",\"remember\":false,\"id\":26}",
      "27": "{\"email\":\"sbeakej@vk.com\",\"phone\":\"228-570-3463\",\"password\":\"$2a$10$Ihb6iBuxKxF10BL150l2EOi9wPiH.kdHUWQkAybZOSW7I6u4uXmpe\",\"firstName\":\"Sophia\",\"lastName\":\"Beake\",\"remember\":false,\"id\":27}",
      "28": "{\"email\":\"pcasselk@jiathis.com\",\"phone\":\"957-850-5307\",\"password\":\"$2a$10$RpsGxs.abtxHYTb.bZ6ux.s1cUgAo7onEAvLanP5soS/4OwKYdDou\",\"firstName\":\"Piper\",\"lastName\":\"Cassel\",\"remember\":false,\"id\":28}",
      "29": "{\"email\":\"sbrunnsteinl@nsw.gov.au\",\"phone\":\"752-364-3089\",\"password\":\"$2a$10$/rms4UQKlY4iE/BObPtQxOfdccExqlY28LgLCHyCtaYY1aNnfPinW\",\"firstName\":\"Sandy\",\"lastName\":\"Brunnstein\",\"remember\":false,\"id\":29}",
      "30": "{\"email\":\"rbutterm@cafepress.com\",\"phone\":\"573-986-9222\",\"password\":\"$2a$10$QuPuc6CZLCyhXEzjeANJbOLbwSyZnTxefuvXLdjkyKMYKpYDFSh4K\",\"firstName\":\"Raychel\",\"lastName\":\"Butter\",\"remember\":false,\"id\":30}",
      "31": "{\"email\":\"cwoodyattn@sakura.ne.jp\",\"phone\":\"961-678-2449\",\"password\":\"$2a$10$dlqRGR9ejrhIMaUpAmKd2uaR3w/A.EkzMhwChvoTRoBT0HLROaQXK\",\"firstName\":\"Chrystal\",\"lastName\":\"Woodyatt\",\"remember\":false,\"id\":31}",
      "32": "{\"email\":\"bgierardio@whitehouse.gov\",\"phone\":\"985-886-0470\",\"password\":\"$2a$10$a/9lA7NATbF9zh53CiUyYOZJNzlrKWvE0TUrXsigU6gbB.L/DUH4K\",\"firstName\":\"Bonny\",\"lastName\":\"Gierardi\",\"remember\":false,\"id\":32}",
      "33": "{\"email\":\"memenyp@sciencedirect.com\",\"phone\":\"771-175-2907\",\"password\":\"$2a$10$xdsXxb2vY9UzJ9aQS5fNAeh.HjOuZ6gENoWh6XdNCDbfAKVLiERju\",\"firstName\":\"Martie\",\"lastName\":\"Emeny\",\"remember\":false,\"id\":33}",
      "34": "{\"email\":\"pparfett13@intel.com\",\"phone\":\"454-353-9314\",\"password\":\"$2a$10$DFMLfpGJp3.YAKi749c8WOVyXFqyGVOWdDJLgAD3xsO8Hj7W8pelq\",\"firstName\":\"Perle\",\"lastName\":\"Parfett\",\"remember\":false,\"id\":34}",
      "35": "{\"email\":\"cquinnette14@columbia.edu\",\"phone\":\"930-614-9915\",\"password\":\"$2a$10$3WdotOclhdpZZ2dQ7JkFRe1cro.aABR9XD8xvrDCWQ25mtncHzyXq\",\"firstName\":\"Cherise\",\"lastName\":\"Quinnette\",\"remember\":false,\"id\":35}",
      "36": "{\"email\":\"bhumbert15@craigslist.org\",\"phone\":\"726-340-7935\",\"password\":\"$2a$10$u8F0rhtKaLXcyyoixzSfUe5xS8j/5I.6s9Y00xayVlkRPYr7Co252\",\"firstName\":\"Bria\",\"lastName\":\"Humbert\",\"remember\":false,\"id\":36}",
      "37": "{\"email\":\"vsuggett16@prlog.org\",\"phone\":\"206-109-0179\",\"password\":\"$2a$10$TC75OKJqg9kYeN/DjSsrYO7ACPfKrdveJ7OjdEycUaXiYNYDe.6Uq\",\"firstName\":\"Valaree\",\"lastName\":\"Suggett\",\"remember\":false,\"id\":37}",
      "38": "{\"email\":\"lbales17@people.com.cn\",\"phone\":\"453-132-8665\",\"password\":\"$2a$10$hgxAZUMStNxMXKpazqkU1uQK8KSTxcovn2AlJx670LWrdxIROM5Ly\",\"firstName\":\"Lynnell\",\"lastName\":\"Bales\",\"remember\":false,\"id\":38}",
      "39": "{\"email\":\"mogbourne18@edublogs.org\",\"phone\":\"533-979-3128\",\"password\":\"$2a$10$0NUBZXz0rCam7uFXHHkQoe32QnKrk2vO86Xzgt/sm0BHPxolGloiK\",\"firstName\":\"Micheline\",\"lastName\":\"Ogbourne\",\"remember\":false,\"id\":39}",
      "40": "{\"email\":\"jwernham19@stumbleupon.com\",\"phone\":\"908-600-9801\",\"password\":\"$2a$10$GGvn3ic2c2901OtabRIgaO49J3fb27tA.sBCtv7TIJqMwXQ6Ruvta\",\"firstName\":\"Janenna\",\"lastName\":\"Wernham\",\"remember\":false,\"id\":40}",
      "41": "{\"email\":\"sdurrans1a@last.fm\",\"phone\":\"481-565-2240\",\"password\":\"$2a$10$1KVkEyNknEG5ZjjX93PD5uZvzbQomVyqIz5s1dgImwOjqzM39V8wy\",\"firstName\":\"Shanon\",\"lastName\":\"Durrans\",\"remember\":false,\"id\":41}",
      "42": "{\"email\":\"dhiskey1b@sina.com.cn\",\"phone\":\"369-660-2983\",\"password\":\"$2a$10$dYPXB5Bn32soB5bg1AXCdOKFKzJw07M8J0leib1NZA55/PbOWjZzy\",\"firstName\":\"Dona\",\"lastName\":\"Hiskey\",\"remember\":false,\"id\":42}",
      "43": "{\"email\":\"pgidley1c@photobucket.com\",\"phone\":\"330-945-0502\",\"password\":\"$2a$10$rw4lcKqEWCL9ocY6PrLZt.aERVPgyjF4ycQUtK9L4rE.gcexEG01i\",\"firstName\":\"Phebe\",\"lastName\":\"Gidley\",\"remember\":false,\"id\":43}",
      "44": "{\"email\":\"cellicombe1d@sitemeter.com\",\"phone\":\"368-708-0654\",\"password\":\"$2a$10$1U5rSxoFGu8EvZ0kACgLeOB27i5UnbPv.dIycFzWkfkIrx1vQnc02\",\"firstName\":\"Clarisse\",\"lastName\":\"Ellicombe\",\"remember\":false,\"id\":44}",
      "45": "{\"email\":\"menrdigoq@rakuten.co.jp\",\"phone\":\"125-569-7517\",\"password\":\"$2a$10$Z6Z5A2aLZZMWi2QHDDW7UOjnb0Fq4zA/8OPqLPBdbdyZkwQUS0/uG\",\"firstName\":\"Meggi\",\"lastName\":\"Enrdigo\",\"remember\":false,\"id\":45}",
      "46": "{\"email\":\"stwitchettr@gov.uk\",\"phone\":\"956-413-9971\",\"password\":\"$2a$10$D4uh2w329z/uNGHqc1igNutLdRvBt7nU1clr4.2mrJN6jaX77UaQu\",\"firstName\":\"Shirline\",\"lastName\":\"Twitchett\",\"remember\":false,\"id\":46}",
      "47": "{\"email\":\"marnowitzs@cornell.edu\",\"phone\":\"640-867-9635\",\"password\":\"$2a$10$ftXk29YDAqkwqq1asrMheeNtzvTRZsBAeo5Bg0lmPxTxwfflyikvK\",\"firstName\":\"Madella\",\"lastName\":\"Arnowitz\",\"remember\":false,\"id\":47}",
      "48": "{\"email\":\"lhodjettst@eepurl.com\",\"phone\":\"817-498-5672\",\"password\":\"$2a$10$FYDy/VO0I/Uwlwk5Pn7UGOijsDsZtt8gOxxsmR/CbujPUZ28350Cq\",\"firstName\":\"Libbey\",\"lastName\":\"Hodjetts\",\"remember\":false,\"id\":48}",
      "49": "{\"email\":\"btremayleu@webeden.co.uk\",\"phone\":\"505-473-8845\",\"password\":\"$2a$10$dzCAM.ZkGb79vuDGCz37U.QggAxCoYKB2HdPEAgvH/EcxX6Ya.k1q\",\"firstName\":\"Bryn\",\"lastName\":\"Tremayle\",\"remember\":false,\"id\":49}",
      "50": "{\"email\":\"drawlinsv@zdnet.com\",\"phone\":\"749-174-7273\",\"password\":\"$2a$10$9viYQoWxDOvxPDEwtUMjXuxNLFoOgdP.Nyp6JAP0WQF7cFFdZJLhi\",\"firstName\":\"Dena\",\"lastName\":\"Rawlins\",\"remember\":false,\"id\":50}",
      "51": "{\"email\":\"scaveyw@columbia.edu\",\"phone\":\"973-297-7239\",\"password\":\"$2a$10$ETXIAzLIxf5rzR0tyUOjCueIQ5GTkIrZ8qc.QQ9flYquKK1.b8kQi\",\"firstName\":\"Stacia\",\"lastName\":\"Cavey\",\"remember\":false,\"id\":51}",
      "52": "{\"email\":\"aladenx@amazon.co.uk\",\"phone\":\"954-836-9772\",\"password\":\"$2a$10$USMTlj9zuL08kiG8YVj3EOojNoedY98ZEmvuch7XxqdpV8YSGOuiu\",\"firstName\":\"Arda\",\"lastName\":\"Laden\",\"remember\":false,\"id\":52}",
      "53": "{\"email\":\"ppryelly@51.la\",\"phone\":\"575-391-4061\",\"password\":\"$2a$10$RXsL3JxJzKbIx8oJ1x.9tuj5XO8v2geRS8EWF3XOVbhRruMbenU1W\",\"firstName\":\"Pia\",\"lastName\":\"Pryell\",\"remember\":false,\"id\":53}",
      "54": "{\"email\":\"mgrunsonz@icq.com\",\"phone\":\"777-920-5819\",\"password\":\"$2a$10$PwUmxyPu3hWVu0.L63yyQOBWpG9AB9EFABblisf5q5WdkueXTLVQe\",\"firstName\":\"Moreen\",\"lastName\":\"Grunson\",\"remember\":false,\"id\":54}",
      "55": "{\"email\":\"dedmed10@fda.gov\",\"phone\":\"505-753-6807\",\"password\":\"$2a$10$Zfx80z/QNNyF0iSusN8wMebjeY1shmfp5R0/GeJQQfFC1BesVofLq\",\"firstName\":\"Devina\",\"lastName\":\"Edmed\",\"remember\":false,\"id\":55}",
      "56": "{\"email\":\"gjuorio11@imageshack.us\",\"phone\":\"864-908-2832\",\"password\":\"$2a$10$vKEqon62rPSNrHhDpnK/LeCzxCBrCgHllatl.GLj27OwccoAjbVa2\",\"firstName\":\"Gerry\",\"lastName\":\"Juorio\",\"remember\":false,\"id\":56}",
      "57": "{\"email\":\"gtembey12@qq.com\",\"phone\":\"593-189-2461\",\"password\":\"$2a$10$FAS1i5aroNxhS.Z.mlH1x.8WUx3NATcYSfmnNcR1XEKk/r69nnzUS\",\"firstName\":\"Gilda\",\"lastName\":\"Tembey\",\"remember\":false,\"id\":57}",
      "58": "{\"email\":\"afdfasd@dfd.hghg\",\"password\":\"$2a$10$uWv1NzM4XlJi.MXSgR8n1u3jn6HL4MXlI5Q.7IX7QtyDFd9dFXsM6\",\"firstName\":\"afdafdsf\",\"lastName\":\"asdfsdf\",\"otherName\":\"asdfsad\",\"remember\":false,\"id\":58}",
      "59": "{\"email\":\"adfdfa@dfdf.ghg\",\"password\":\"$2a$10$iJYINXqFMj7QJm7MXIRJWObQ3sLvBo9DNB5jrN3uetlF5c0bJfje2\",\"firstName\":\"sdfasf\",\"lastName\":\"dfadfa\",\"remember\":false,\"id\":59}",
      "60": "{\"email\":\"sgfsgfg@dsfdf.com\",\"password\":\"$2a$10$GE4ANCjohPxXh8hjN97haOZtelHEjywje/cIlS.kl2Knn1HwaBbNO\",\"firstName\":\"sdfsgdf\",\"lastName\":\"fgsdgf\",\"otherName\":\"dsfgfsdg\",\"remember\":false,\"id\":60}",
      "61": "{\"email\":\"sdfg@dfd.com\",\"password\":\"$2a$10$yOBqYdBmAf35LC0jUyIkwux8FTivITbiC87gif1FN7NYZkbABbG/2\",\"firstName\":\"sdsdfghfh\",\"lastName\":\"ghdhfghd\",\"otherName\":\"dfhg\",\"remember\":false,\"id\":61}",
      "62": "{\"email\":\"test1@test.com\",\"password\":\"$2a$10$/8H5OvY2165mKE2WtD01Du2wLChU/ywB1LzNFbIRNL9rQirTsJTpa\",\"firstName\":\"test1\",\"lastName\":\"test\",\"remember\":false,\"id\":62}",
      "63": "{\"email\":\"test2@test.com\",\"password\":\"$2a$10$WVCPkEMDXT3RGyDQUDwEt.v3BGbeRxs4l0izxAp3CmNDI7CpRjR0m\",\"firstName\":\"test2\",\"lastName\":\"test2\",\"remember\":false,\"id\":63,\"phone\":\"+233546789324\"}"
    },
    "Address": {
      "1": "{\"city\":\"kumasi\",\"state\":\"Ashanti\",\"country\":\"Ghana\",\"userId\":1,\"id\":1}",
      "2": "{\"city\":\"string\",\"state\":\"string\",\"country\":\"string\",\"schoolId\":1,\"userId\":0,\"id\":2}",
      "3": "{\"street\":\"adfdfadf\",\"postcode\":\"4343\",\"city\":\"adfdfa\",\"state\":\"Ain Temouchent\",\"country\":\"Algeria\",\"latLng\":\"23232,232323\",\"id\":3}",
      "4": "{\"street\":\"sgfgsdfg\",\"postcode\":\"54545\",\"city\":\"fgdsgdfgdsfg\",\"state\":\"Escaldes-Engordany\",\"country\":\"Andorra\",\"latLng\":\"343434,4343443\",\"id\":4}",
      "5": "{\"street\":\"sdfdfsdfsdafd\",\"postcode\":\"232323\",\"city\":\"dfdfdfdfd\",\"state\":\"Ain Temouchent\",\"country\":\"Algeria\",\"schoolId\":18,\"latLng\":\"232434,12334343\",\"id\":5}",
      "6": "{\"street\":\"dasfdfasfdf\",\"postcode\":\"3434\",\"city\":\"afdafdfa   asasas\",\"state\":\"Escaldes-Engordany\",\"country\":\"Andorra\",\"schoolId\":27,\"latLng\":\"3434343433434,34343434\",\"id\":6}",
      "7": "{\"street\":\"sdgfwrtwertret\",\"postcode\":\"34768\",\"city\":\"kjasdfghj\",\"state\":\"Greater Accra\",\"country\":\"Ghana\",\"schoolId\":28,\"latLng\":\"43654,89656\",\"id\":7}",
      "8": "{\"street\":\"68787\",\"postcode\":\"4345656\",\"city\":\"6756\",\"state\":\"Alger\",\"country\":\"Algeria\",\"schoolId\":29,\"latLng\":\"12312,12323123\",\"id\":8}"
    },
    "School": {
      "1": "{\"name\":\"dafdafds\",\"dateStarted\":\"2020-09-09T00:00:00.000Z\",\"type\":\"Senior high school\",\"gender\":\"Female\",\"id\":1}",
      "2": "{\"name\":\"dafdafds\",\"dateStarted\":\"2020-09-09T00:00:00.000Z\",\"type\":\"Senior high school\",\"gender\":\"Female\",\"id\":2}",
      "3": "{\"name\":\"dafdafds\",\"dateStarted\":\"2020-09-09T00:00:00.000Z\",\"type\":\"Senior high school\",\"gender\":\"Female\",\"id\":3}",
      "4": "{\"name\":\"dafdafds\",\"dateStarted\":\"2020-09-09T00:00:00.000Z\",\"type\":\"Senior high school\",\"gender\":\"Female\",\"id\":4}",
      "5": "{\"name\":\"dafdafds\",\"dateStarted\":\"2020-09-09T00:00:00.000Z\",\"type\":\"Senior high school\",\"gender\":\"Female\",\"id\":5}",
      "6": "{\"name\":\"dafdafds\",\"dateStarted\":\"2020-09-09T00:00:00.000Z\",\"type\":\"Senior high school\",\"gender\":\"Female\",\"id\":6}",
      "7": "{\"name\":\"dafdafds\",\"dateStarted\":\"2020-09-09T00:00:00.000Z\",\"type\":\"Senior high school\",\"gender\":\"Female\",\"id\":7}",
      "8": "{\"name\":\"dafdafds\",\"dateStarted\":\"2020-09-09T00:00:00.000Z\",\"type\":\"Senior high school\",\"gender\":\"Female\",\"id\":8}",
      "9": "{\"name\":\"dafdafds\",\"dateStarted\":\"2020-09-09T00:00:00.000Z\",\"type\":\"Senior high school\",\"gender\":\"Female\",\"id\":9}",
      "10": "{\"name\":\"dafdafds\",\"dateStarted\":\"2020-09-09T00:00:00.000Z\",\"type\":\"Senior high school\",\"gender\":\"Female\",\"id\":10}",
      "11": "{\"name\":\"dafdafds\",\"dateStarted\":\"2020-09-09T00:00:00.000Z\",\"type\":\"Senior high school\",\"gender\":\"Female\",\"id\":11}",
      "12": "{\"name\":\"dafdafds\",\"dateStarted\":\"2020-09-09T00:00:00.000Z\",\"type\":\"Senior high school\",\"gender\":\"Female\",\"id\":12}",
      "13": "{\"name\":\"dafdafds\",\"dateStarted\":\"2020-09-09T00:00:00.000Z\",\"type\":\"Senior high school\",\"gender\":\"Female\",\"id\":13}",
      "14": "{\"name\":\"dafdafds\",\"dateStarted\":\"2020-09-09T00:00:00.000Z\",\"type\":\"Senior high school\",\"gender\":\"Female\",\"id\":14}",
      "15": "{\"name\":\"dafdafds\",\"dateStarted\":\"2020-09-09T00:00:00.000Z\",\"type\":\"Senior high school\",\"gender\":\"Female\",\"id\":15}",
      "16": "{\"name\":\"dafdafds\",\"dateStarted\":\"2020-09-09T00:00:00.000Z\",\"type\":\"Senior high school\",\"gender\":\"Female\",\"id\":16}",
      "17": "{\"name\":\"dafdafds\",\"dateStarted\":\"2020-09-09T00:00:00.000Z\",\"type\":\"Senior high school\",\"gender\":\"Female\",\"id\":17}",
      "18": "{\"name\":\"dafdafds\",\"dateStarted\":\"2020-09-09T00:00:00.000Z\",\"type\":\"Senior high school\",\"gender\":\"Female\",\"id\":18}",
      "19": "{\"name\":\"dafdafds\",\"dateStarted\":\"2020-09-09T00:00:00.000Z\",\"type\":\"Senior high school\",\"gender\":\"Female\",\"id\":19}",
      "20": "{\"name\":\"dafdafds\",\"dateStarted\":\"2020-09-09T00:00:00.000Z\",\"type\":\"Senior high school\",\"gender\":\"Female\",\"id\":20}",
      "21": "{\"name\":\"dafdafds\",\"dateStarted\":\"2020-09-09T00:00:00.000Z\",\"type\":\"Senior high school\",\"gender\":\"Female\",\"id\":21}",
      "22": "{\"name\":\"dafdafds\",\"dateStarted\":\"2020-09-09T00:00:00.000Z\",\"type\":\"Senior high school\",\"gender\":\"Female\",\"id\":22}",
      "23": "{\"name\":\"dafdafds\",\"dateStarted\":\"2020-09-09T00:00:00.000Z\",\"type\":\"Senior high school\",\"gender\":\"Female\",\"id\":23}",
      "24": "{\"name\":\"dafdafds\",\"dateStarted\":\"2020-09-09T00:00:00.000Z\",\"type\":\"Senior high school\",\"gender\":\"Female\",\"id\":24}",
      "25": "{\"name\":\"dafdafds\",\"dateStarted\":\"2020-09-09T00:00:00.000Z\",\"type\":\"Senior high school\",\"gender\":\"Female\",\"id\":25}",
      "26": "{\"name\":\"dafdafds\",\"dateStarted\":\"2020-09-09T00:00:00.000Z\",\"type\":\"Senior high school\",\"gender\":\"Female\",\"id\":26}",
      "27": "{\"name\":\"adfdasfd\",\"dateStarted\":\"2020-09-11T00:00:00.000Z\",\"type\":\"Senior high school\",\"gender\":\"other\",\"id\":27}",
      "28": "{\"name\":\"afdfasfd\",\"dateStarted\":\"2020-09-12T00:00:00.000Z\",\"type\":\"Senior high school\",\"gender\":\"other\",\"id\":28}",
      "29": "{\"name\":\"dlsafjd;\",\"dateStarted\":\"2020-09-19T00:00:00.000Z\",\"type\":\"Seminary\",\"gender\":\"other\",\"id\":29}"
    },
    "Photo": {
      "1": "{\"description\":\"string\",\"fileName\":\"string\",\"fileUrl\":\"string\",\"thumbnailUrl\":\"string\",\"coverUrl\":\"string\",\"dateCreated\":\"2020-09-01T06:25:08.737Z\",\"type\":0,\"schoolId\":1,\"id\":1}"
    },
    "Document": {
      "1": "{\"description\":\"string\",\"fileName\":\"string\",\"fileUrl\":\"string\",\"thumbnailUrl\":\"string\",\"coverUrl\":\"string\",\"dateCreated\":\"2020-09-01T06:31:24.715Z\",\"type\":0,\"schoolId\":1,\"id\":1}"
    },
    "SchoolDetails": {
      "1": "{\"motto\":\"asfldkj fldskfjdlaks fjd\",\"anthem\":\" adsflkj fasdflkjfl kdlkajfldkfjlkasdf dlkfj dskfjldkaf dfjadsf\",\"departments\":[],\"website\":\"www.myschoo.com\",\"about\":\"aldsjf lasdjfdl jafldskflaksdjf alsdfjdkslafjklfjd\",\"alias\":\"\",\"totalStudents\":0,\"studentAlias\":\"\",\"accommodationTypes\":[\"Hostel\",\"Boarding\",\"Rent\"],\"helpLines\":\"\",\"email\":\"\",\"mission\":\"\",\"vision\":\"\",\"schoolId\":3,\"id\":1}",
      "2": "{\"motto\":\"adfdafdfa\",\"anthem\":\" dasfdboadodinjlkd  adfdlkdskfdlkafioaufd fadf waooooa woowowowowowo whi  when i was you when i get i wild thoughts\",\"departments\":[],\"website\":\"www.ogess.com\",\"about\":\"fasdfsadfdfjadsfj\",\"alias\":\"OGESS\",\"totalStudents\":2000,\"studentAlias\":\"Adehyemanmma\",\"accommodationTypes\":[\"Hall\",\"Hostel\",\"Boarding\",\"Rent\"],\"helpLines\":\"002338475758\",\"email\":\"ntiamoah376@yahoo.com\",\"mission\":\"dafdfadsfaf dfadf af\",\"vision\":\"sadfasdfdafsd\",\"schoolId\":28,\"id\":2}"
    },
    "UserConfig": {},
    "Alumni": {
      "1": "{\"yearStarted\":\"2020-09-10T21:20:40.000Z\",\"yearCompleted\":\"2020-10-22T21:20:40.000Z\",\"schoolId\":28,\"userId\":2,\"id\":1}",
      "2": "{\"yearStarted\":\"2020-11-18T00:00:00.000Z\",\"yearCompleted\":\"2020-12-17T00:00:00.000Z\",\"schoolId\":6,\"userId\":4,\"id\":2,\"schoolIndexNumber\":\"safd\"}",
      "3": "{\"yearStarted\":\"2020-09-01T00:00:00.000Z\",\"yearCompleted\":\"2020-10-29T00:00:00.000Z\",\"schoolId\":1,\"userId\":1,\"id\":3,\"schoolIndexNumber\":\"21323asdsadsda\"}",
      "4": "{\"yearStarted\":\"2020-09-17T21:32:31.000Z\",\"yearCompleted\":\"2020-10-14T21:32:31.000Z\",\"schoolId\":1,\"userId\":1,\"id\":4,\"schoolIndexNumber\":\"dfgsgf\"}",
      "5": "{\"yearStarted\":\"2020-09-06T07:18:48.000Z\",\"yearCompleted\":\"2020-10-22T07:18:48.000Z\",\"schoolId\":1,\"userId\":2,\"id\":5,\"schoolIndexNumber\":\"23432432423\"}"
    },
    "Degree": {
      "1": "{\"name\":\"sfgfsg\",\"type\":\"MSc\",\"programme\":\"sfgsfdg\",\"cgpa\":3343,\"alumniId\":4,\"id\":1}",
      "2": "{\"name\":\"fasd\",\"type\":\"Certificate\",\"programme\":\"afadsf\",\"cgpa\":4,\"alumniId\":2,\"id\":2}",
      "3": "{\"name\":\"fasd\",\"type\":\"Certificate\",\"programme\":\"afadsf\",\"cgpa\":4,\"alumniId\":2,\"id\":3}",
      "4": "{\"name\":\"fasd\",\"type\":\"Certificate\",\"programme\":\"afadsf\",\"cgpa\":4,\"alumniId\":2,\"id\":4}",
      "5": "{\"name\":\"fasd\",\"type\":\"Certificate\",\"programme\":\"afadsf\",\"cgpa\":4,\"alumniId\":2,\"id\":5}",
      "6": "{\"name\":\"fasd\",\"type\":\"Certificate\",\"programme\":\"afadsf\",\"cgpa\":4,\"alumniId\":2,\"id\":6}",
      "7": "{\"name\":\"gjhgjhgjgj\",\"type\":\"BSc\",\"programme\":\"jhgjgjgjgjg\",\"cgpa\":6,\"alumniId\":3,\"id\":7}",
      "8": "{\"name\":\"\",\"type\":\"MSc\",\"programme\":\"\",\"cgpa\":0,\"alumniId\":5,\"id\":8}"
    }
  }
}